date,1_year
2009-12-01,1.4841
2009-12-02,1.486
2009-12-03,1.48
2009-12-04,1.478
2009-12-07,1.4793
2009-12-08,1.4844
2009-12-09,1.485
2009-12-10,1.4855
2009-12-11,1.4948
2009-12-14,1.4882
2009-12-15,1.4863
2009-12-16,1.4859
2009-12-17,1.4897
2009-12-18,1.4907
2009-12-21,1.4853
2009-12-22,1.4868
2009-12-23,1.4855
2009-12-24,1.489
2009-12-25,1.5
2009-12-28,1.4986
2009-12-29,1.5012
2009-12-30,1.5013
2009-12-31,1.4953
2010-01-04,1.5
2010-01-05,1.5098
2010-01-06,1.5238
2010-01-07,1.5489
2010-01-08,1.5411
2010-01-11,1.533
2010-01-12,1.5589
2010-01-13,1.6139
2010-01-14,1.6039
2010-01-15,1.6019
2010-01-18,1.6069
2010-01-19,1.5968
2010-01-20,1.5651
2010-01-21,1.5994
2010-01-22,1.6066
2010-01-25,1.6147
2010-01-26,1.6346
2010-01-27,1.6346
2010-01-28,1.6446
2010-01-29,1.6529
2010-02-01,1.6445
2010-02-02,1.6446
2010-02-03,1.6446
2010-02-04,1.6447
2010-02-05,1.6532
2010-02-08,1.6447
2010-02-09,1.6448
2010-02-10,1.6447
2010-02-11,1.6547
2010-02-12,1.66
2010-02-20,1.6793
2010-02-21,1.6793
2010-02-22,1.68
2010-02-23,1.6801
2010-02-24,1.6801
2010-02-25,1.6801
2010-02-26,1.6294
2010-03-01,1.6094
2010-03-02,1.5396
2010-03-03,1.5
2010-03-04,1.51
2010-03-05,1.5203
2010-03-08,1.5105
2010-03-09,1.5106
2010-03-10,1.5364
2010-03-11,1.5274
2010-03-12,1.5378
2010-03-15,1.528
2010-03-16,1.5281
2010-03-17,1.5281
2010-03-18,1.5181
2010-03-19,1.5185
2010-03-22,1.5083
2010-03-23,1.5175
2010-03-24,1.5176
2010-03-25,1.5076
2010-03-26,1.5181
2010-03-29,1.5076
2010-03-30,1.5301
2010-03-31,1.5501
2010-04-01,1.5782
2010-04-02,1.5947
2010-04-06,1.6
2010-04-07,1.62
2010-04-08,1.64
2010-04-09,1.6709
2010-04-12,1.66
2010-04-13,1.6551
2010-04-14,1.6503
2010-04-15,1.6504
2010-04-16,1.6607
2010-04-19,1.6394
2010-04-20,1.6393
2010-04-21,1.6193
2010-04-22,1.6392
2010-04-23,1.63
2010-04-26,1.6181
2010-04-27,1.5991
2010-04-28,1.5792
2010-04-29,1.5792
2010-04-30,1.5892
2010-05-04,1.61
2010-05-05,1.6099
2010-05-06,1.6435
2010-05-07,1.6568
2010-05-10,1.6611
2010-05-11,1.6911
2010-05-12,1.7086
2010-05-13,1.711
2010-05-14,1.7434
2010-05-17,1.7468
2010-05-18,1.7464
2010-05-19,1.7681
2010-05-20,1.7689
2010-05-21,1.7827
2010-05-24,1.8
2010-05-25,1.7947
2010-05-26,1.8388
2010-05-27,1.8327
2010-05-28,1.8298
2010-05-31,1.8162
2010-06-01,1.8391
2010-06-02,1.8175
2010-06-03,1.8176
2010-06-04,1.8341
2010-06-07,1.8643
2010-06-08,1.8723
2010-06-09,1.8726
2010-06-10,1.866
2010-06-11,2.016
2010-06-12,2.007
2010-06-13,2.0168
2010-06-17,2.0288
2010-06-18,2.1036
2010-06-21,2.1201
2010-06-22,2.126
2010-06-23,2.127
2010-06-24,2.1297
2010-06-25,2.1395
2010-06-28,2.1115
2010-06-29,2.122
2010-06-30,2.1346
2010-07-01,2.121
2010-07-02,2.1181
2010-07-05,2.1233
2010-07-06,2.1167
2010-07-07,2.0571
2010-07-08,2.0385
2010-07-09,2.0185
2010-07-12,1.9845
2010-07-13,1.9245
2010-07-14,1.8745
2010-07-15,1.8855
2010-07-16,1.8771
2010-07-19,1.8951
2010-07-20,1.9011
2010-07-21,1.8768
2010-07-22,1.9302
2010-07-23,1.9349
2010-07-26,1.9578
2010-07-27,1.9352
2010-07-28,1.9306
2010-07-29,1.931
2010-07-30,1.9318
2010-08-02,1.9327
2010-08-03,1.9333
2010-08-04,1.9307
2010-08-05,1.9295
2010-08-06,1.9056
2010-08-09,1.9116
2010-08-10,1.9118
2010-08-11,1.9125
2010-08-12,1.9129
2010-08-13,1.9206
2010-08-16,1.9334
2010-08-17,1.9344
2010-08-18,1.9358
2010-08-19,1.9412
2010-08-20,1.9194
2010-08-23,1.9225
2010-08-24,1.8928
2010-08-25,1.8795
2010-08-26,1.91
2010-08-27,1.9005
2010-08-30,1.9023
2010-08-31,1.9163
2010-09-01,1.9086
2010-09-02,1.9001
2010-09-03,1.9161
2010-09-06,1.9161
2010-09-07,1.9222
2010-09-08,1.9263
2010-09-09,1.9267
2010-09-10,1.9123
2010-09-13,1.8949
2010-09-14,1.9017
2010-09-15,1.9027
2010-09-16,1.9176
2010-09-17,1.9335
2010-09-19,1.9346
2010-09-20,1.9268
2010-09-21,1.9311
2010-09-25,1.9341
2010-09-26,1.9347
2010-09-27,1.9456
2010-09-28,1.9462
2010-09-29,1.9442
2010-09-30,1.9459
2010-10-08,1.9493
2010-10-09,1.9498
2010-10-11,1.937
2010-10-12,1.9397
2010-10-13,1.9386
2010-10-14,1.9389
2010-10-15,1.9337
2010-10-18,1.9429
2010-10-19,1.9515
2010-10-20,2.0801
2010-10-21,2.062
2010-10-22,2.0504
2010-10-25,2.0482
2010-10-26,2.0487
2010-10-27,2.0454
2010-10-28,2.047
2010-10-29,2.043
2010-11-01,2.0448
2010-11-02,2.0564
2010-11-03,2.0574
2010-11-04,2.1074
2010-11-05,2.0843
2010-11-08,2.0746
2010-11-09,2.1101
2010-11-10,2.1928
2010-11-11,2.2288
2010-11-12,2.251
2010-11-15,2.2731
2010-11-16,2.2282
2010-11-17,2.2186
2010-11-18,2.3037
2010-11-19,2.3148
2010-11-22,2.43
2010-11-23,2.48
2010-11-24,2.5949
2010-11-25,2.6648
2010-11-26,2.7948
2010-11-29,2.7748
2010-11-30,2.7925
2010-12-01,2.77
2010-12-02,2.7495
2010-12-03,2.7573
2010-12-06,2.7591
2010-12-07,2.731
2010-12-08,2.7609
2010-12-09,2.8
2010-12-10,2.88
2010-12-13,2.8906
2010-12-14,2.8981
2010-12-15,2.9588
2010-12-16,2.9786
2010-12-17,3.0133
2010-12-20,3.085
2010-12-21,3.127
2010-12-22,3.182
2010-12-23,3.272
2010-12-24,3.3
2010-12-27,3.3801
2010-12-28,3.3866
2010-12-29,3.3573
2010-12-30,3.3275
2010-12-31,3.3
2011-01-04,3.2281
2011-01-05,3.0283
2011-01-06,2.994
2011-01-07,2.9524
2011-01-10,2.9294
2011-01-11,2.9201
2011-01-12,2.8527
2011-01-13,2.8506
2011-01-14,2.85
2011-01-17,2.8857
2011-01-18,2.9357
2011-01-19,3.0017
2011-01-20,3.0457
2011-01-21,3.0866
2011-01-24,3.1336
2011-01-25,3.2104
2011-01-26,3.2154
2011-01-27,3.1854
2011-01-28,3.1657
2011-01-30,3.1727
2011-01-31,3.1527
2011-02-01,3.1427
2011-02-09,3.1995
2011-02-10,3.2
2011-02-11,3.2
2011-02-12,3.2
2011-02-14,3.1664
2011-02-15,3.0664
2011-02-16,3.065
2011-02-17,3.065
2011-02-18,3.0587
2011-02-21,3.1532
2011-02-22,3.12
2011-02-23,3.1007
2011-02-24,3.0177
2011-02-25,3.0257
2011-02-28,3
2011-03-01,2.9727
2011-03-02,2.9697
2011-03-03,2.9496
2011-03-04,2.9508
2011-03-07,2.9352
2011-03-08,2.9394
2011-03-09,2.8898
2011-03-10,2.9105
2011-03-11,2.8904
2011-03-14,2.8977
2011-03-15,2.9007
2011-03-16,2.8986
2011-03-17,2.89
2011-03-18,2.8965
2011-03-21,2.9365
2011-03-22,2.915
2011-03-23,2.85
2011-03-24,2.8519
2011-03-25,2.851
2011-03-28,2.88
2011-03-29,2.8883
2011-03-30,2.8733
2011-03-31,2.8734
2011-04-01,2.8259
2011-04-02,2.8346
2011-04-06,2.859
2011-04-07,2.8709
2011-04-08,2.8589
2011-04-11,2.8625
2011-04-12,2.8482
2011-04-13,2.8144
2011-04-14,2.8105
2011-04-15,2.8133
2011-04-18,2.8297
2011-04-19,2.8186
2011-04-20,2.8211
2011-04-21,2.8283
2011-04-22,2.8389
2011-04-25,2.84
2011-04-26,2.8486
2011-04-27,2.8078
2011-04-28,2.8066
2011-04-29,2.8094
2011-05-03,2.8335
2011-05-04,2.82
2011-05-05,2.8528
2011-05-06,2.8661
2011-05-09,2.8614
2011-05-10,2.8567
2011-05-11,2.8758
2011-05-12,2.9065
2011-05-13,2.9747
2011-05-16,2.9799
2011-05-17,2.9596
2011-05-18,2.9585
2011-05-19,2.9788
2011-05-20,3.037
2011-05-23,3.0466
2011-05-24,3.055
2011-05-25,3.0577
2011-05-26,3.0589
2011-05-27,3.0053
2011-05-30,3.0317
2011-05-31,3.0348
2011-06-01,3.0402
2011-06-02,3.0597
2011-06-03,3.0419
2011-06-07,3.0558
2011-06-08,3.0925
2011-06-09,3.0833
2011-06-10,3.0901
2011-06-13,3.1185
2011-06-14,3.1552
2011-06-15,3.3465
2011-06-16,3.5
2011-06-17,3.6113
2011-06-20,3.5808
2011-06-21,3.5805
2011-06-22,3.5929
2011-06-23,3.6168
2011-06-24,3.5903
2011-06-27,3.4957
2011-06-28,3.5007
2011-06-29,3.4915
2011-06-30,3.4742
2011-07-01,3.432
2011-07-04,3.4018
2011-07-05,3.404
2011-07-06,3.4151
2011-07-07,3.4
2011-07-08,3.41
2011-07-11,3.3821
2011-07-12,3.4123
2011-07-13,3.5323
2011-07-14,3.5779
2011-07-15,3.5674
2011-07-18,3.5868
2011-07-19,3.665
2011-07-20,3.75
2011-07-21,3.8242
2011-07-22,3.8275
2011-07-25,3.7943
2011-07-26,3.7842
2011-07-27,3.7793
2011-07-28,3.7393
2011-07-29,3.7339
2011-08-01,3.7102
2011-08-02,3.7194
2011-08-03,3.7045
2011-08-04,3.7059
2011-08-05,3.6707
2011-08-08,3.6233
2011-08-09,3.599
2011-08-10,3.5821
2011-08-11,3.5481
2011-08-12,3.5782
2011-08-15,3.5832
2011-08-16,3.6218
2011-08-17,3.6257
2011-08-18,3.656
2011-08-19,3.6475
2011-08-22,3.6391
2011-08-23,3.6476
2011-08-24,3.66
2011-08-25,3.6607
2011-08-26,3.6692
2011-08-29,3.8092
2011-08-30,3.9379
2011-08-31,3.9174
2011-09-01,3.9
2011-09-02,3.897
2011-09-05,3.8923
2011-09-06,3.8675
2011-09-07,3.8727
2011-09-08,3.8716
2011-09-09,3.8642
2011-09-13,3.8642
2011-09-14,3.9342
2011-09-15,3.9214
2011-09-16,3.9401
2011-09-19,3.9219
2011-09-20,3.9116
2011-09-21,3.8729
2011-09-22,3.8529
2011-09-23,3.7032
2011-09-26,3.5519
2011-09-27,3.5766
2011-09-28,3.6164
2011-09-29,3.5829
2011-09-30,3.6069
2011-10-08,3.5999
2011-10-09,3.5531
2011-10-10,3.4522
2011-10-11,3.3824
2011-10-12,3.2323
2011-10-13,3.1501
2011-10-14,3.1466
2011-10-17,3.141
2011-10-18,3.1412
2011-10-19,3.1411
2011-10-20,3.1412
2011-10-21,3.14
2011-10-24,3.1347
2011-10-25,3.1669
2011-10-26,3.1691
2011-10-27,3.1898
2011-10-28,3.1898
2011-10-31,3.1398
2011-11-01,3.0899
2011-11-02,3.0681
2011-11-03,3.0252
2011-11-04,2.9969
2011-11-07,2.9901
2011-11-08,2.8563
2011-11-09,2.6438
2011-11-10,2.5705
2011-11-11,2.5683
2011-11-14,2.5562
2011-11-15,2.5459
2011-11-16,2.5692
2011-11-17,2.598
2011-11-18,2.6013
2011-11-21,2.611
2011-11-22,2.6397
2011-11-23,2.6717
2011-11-24,2.6754
2011-11-25,2.6932
2011-11-28,2.7215
2011-11-29,2.724
2011-11-30,2.7366
2011-12-01,2.5866
2011-12-02,2.6334
2011-12-05,2.6213
2011-12-06,2.6293
2011-12-07,2.63
2011-12-08,2.63
2011-12-09,2.6324
2011-12-12,2.6595
2011-12-13,2.6926
2011-12-14,2.7183
2011-12-15,2.7198
2011-12-16,2.7202
2011-12-19,2.7127
2011-12-20,2.7127
2011-12-21,2.7316
2011-12-22,2.7241
2011-12-23,2.7341
2011-12-26,2.7315
2011-12-27,2.7316
2011-12-28,2.7342
2011-12-29,2.7369
2011-12-30,2.7201
2011-12-31,2.7167
2012-01-04,2.7278
2012-01-05,2.7404
2012-01-06,2.7391
2012-01-09,2.7308
2012-01-10,2.7283
2012-01-11,2.7884
2012-01-12,2.7841
2012-01-13,2.7938
2012-01-16,2.8251
2012-01-17,2.8208
2012-01-18,2.8614
2012-01-19,2.8439
2012-01-20,2.8155
2012-01-21,2.8169
2012-01-29,2.7757
2012-01-30,2.7757
2012-01-31,2.7658
2012-02-01,2.7829
2012-02-02,2.7733
2012-02-03,2.7803
2012-02-06,2.8131
2012-02-07,2.8176
2012-02-08,2.9275
2012-02-09,2.9589
2012-02-10,2.9547
2012-02-13,2.9037
2012-02-14,2.9325
2012-02-15,2.9437
2012-02-16,2.9696
2012-02-17,2.9856
2012-02-20,2.9219
2012-02-21,2.936
2012-02-22,2.9395
2012-02-23,2.9412
2012-02-24,2.9269
2012-02-27,2.9371
2012-02-28,2.9468
2012-02-29,2.9475
2012-03-01,2.9305
2012-03-02,2.9256
2012-03-05,2.9307
2012-03-06,2.9322
2012-03-07,2.9013
2012-03-08,2.8958
2012-03-09,2.8922
2012-03-12,2.8595
2012-03-13,2.8654
2012-03-14,2.8785
2012-03-15,2.8872
2012-03-16,2.869
2012-03-19,2.8452
2012-03-20,2.8711
2012-03-21,2.8775
2012-03-22,2.8816
2012-03-23,2.8528
2012-03-26,2.8436
2012-03-27,2.8436
2012-03-28,2.8485
2012-03-29,2.8336
2012-03-30,2.8355
2012-03-31,2.8355
2012-04-01,2.8551
2012-04-05,2.8595
2012-04-06,2.8731
2012-04-09,2.8698
2012-04-10,2.8712
2012-04-11,2.8714
2012-04-12,2.8994
2012-04-13,2.8799
2012-04-16,2.8835
2012-04-17,2.872
2012-04-18,2.8545
2012-04-19,2.846
2012-04-20,2.837
2012-04-23,2.8473
2012-04-24,2.8439
2012-04-25,2.8455
2012-04-26,2.8489
2012-04-27,2.8541
2012-04-28,2.8562
2012-05-02,2.845
2012-05-03,2.8496
2012-05-04,2.8618
2012-05-07,2.8612
2012-05-08,2.8572
2012-05-09,2.8399
2012-05-10,2.7978
2012-05-11,2.7531
2012-05-14,2.5488
2012-05-15,2.4766
2012-05-16,2.4042
2012-05-17,2.4267
2012-05-18,2.4196
2012-05-21,2.4317
2012-05-22,2.3817
2012-05-23,2.3517
2012-05-24,2.261
2012-05-25,2.2347
2012-05-28,2.25
2012-05-29,2.25
2012-05-30,2.2534
2012-05-31,2.2307
2012-06-01,2.2042
2012-06-04,2.2
2012-06-05,2.2104
2012-06-06,2.2215
2012-06-07,2.2514
2012-06-08,2.1587
2012-06-11,2.1779
2012-06-12,2.1889
2012-06-13,2.209
2012-06-14,2.2508
2012-06-15,2.246
2012-06-18,2.2609
2012-06-19,2.3308
2012-06-20,2.3708
2012-06-21,2.3655
2012-06-25,2.3666
2012-06-26,2.3616
2012-06-27,2.3716
2012-06-28,2.3566
2012-06-29,2.342
2012-07-02,2.347
2012-07-03,2.3452
2012-07-04,2.3252
2012-07-05,2.3129
2012-07-06,2.2525
2012-07-09,2.1979
2012-07-10,2.2161
2012-07-11,2.2236
2012-07-12,2.2287
2012-07-13,2.2171
2012-07-16,2.2353
2012-07-17,2.2453
2012-07-18,2.2513
2012-07-19,2.2591
2012-07-20,2.2699
2012-07-23,2.2849
2012-07-24,2.2891
2012-07-25,2.2819
2012-07-26,2.278
2012-07-27,2.2977
2012-07-30,2.2952
2012-07-31,2.3077
2012-08-01,2.3277
2012-08-02,2.3306
2012-08-03,2.3553
2012-08-06,2.3728
2012-08-07,2.4078
2012-08-08,2.4378
2012-08-09,2.4381
2012-08-10,2.3959
2012-08-13,2.4134
2012-08-14,2.4183
2012-08-15,2.4572
2012-08-16,2.4622
2012-08-17,2.4745
2012-08-20,2.5216
2012-08-21,2.5566
2012-08-22,2.5814
2012-08-23,2.63
2012-08-24,2.6275
2012-08-27,2.6412
2012-08-28,2.6863
2012-08-29,2.6963
2012-08-30,2.6917
2012-08-31,2.6806
2012-09-03,2.6775
2012-09-04,2.6251
2012-09-05,2.6255
2012-09-06,2.6155
2012-09-07,2.6364
2012-09-10,2.6475
2012-09-11,2.6574
2012-09-12,2.7023
2012-09-13,2.7365
2012-09-14,2.7984
2012-09-17,2.7984
2012-09-18,2.8022
2012-09-19,2.8022
2012-09-20,2.8271
2012-09-21,2.8401
2012-09-24,2.8401
2012-09-25,2.8485
2012-09-26,2.8318
2012-09-27,2.8121
2012-09-28,2.7921
2012-09-29,2.7921
2012-10-08,2.7845
2012-10-09,2.7844
2012-10-10,2.7644
2012-10-11,2.762
2012-10-12,2.7543
2012-10-15,2.7511
2012-10-16,2.7641
2012-10-17,2.8441
2012-10-18,2.8971
2012-10-19,2.922
2012-10-22,2.905
2012-10-23,2.9061
2012-10-24,2.9421
2012-10-25,2.9764
2012-10-26,2.9766
2012-10-29,2.9848
2012-10-30,2.9533
2012-10-31,2.9327
2012-11-01,2.9429
2012-11-02,2.9555
2012-11-05,2.9475
2012-11-06,2.9438
2012-11-07,2.9341
2012-11-08,2.9423
2012-11-09,2.9377
2012-11-12,2.9424
2012-11-13,2.9224
2012-11-14,2.9188
2012-11-15,2.9152
2012-11-16,2.8886
2012-11-19,2.8633
2012-11-20,2.8263
2012-11-21,2.8116
2012-11-22,2.8216
2012-11-23,2.8231
2012-11-26,2.8399
2012-11-27,2.8439
2012-11-28,2.8315
2012-11-29,2.8665
2012-11-30,2.8834
2012-12-03,2.8744
2012-12-04,2.8815
2012-12-05,2.9106
2012-12-06,2.8986
2012-12-07,2.8952
2012-12-10,2.8975
2012-12-11,2.8999
2012-12-12,2.9089
2012-12-13,2.9007
2012-12-14,2.8919
2012-12-17,2.8937
2012-12-18,2.9114
2012-12-19,2.9063
2012-12-20,2.9102
2012-12-21,2.9179
2012-12-24,2.9375
2012-12-25,2.9178
2012-12-26,2.9278
2012-12-27,2.9073
2012-12-28,2.8985
2012-12-31,2.905
2013-01-04,2.9189
2013-01-05,2.8768
2013-01-06,2.8688
2013-01-07,2.8689
2013-01-08,2.8498
2013-01-09,2.8341
2013-01-10,2.8547
2013-01-11,2.8648
2013-01-14,2.8361
2013-01-15,2.7995
2013-01-16,2.811
2013-01-17,2.8111
2013-01-18,2.7811
2013-01-21,2.8002
2013-01-22,2.7902
2013-01-23,2.8373
2013-01-24,2.8383
2013-01-25,2.834
2013-01-28,2.8495
2013-01-29,2.8226
2013-01-30,2.8091
2013-01-31,2.8047
2013-02-01,2.8064
2013-02-04,2.7824
2013-02-05,2.7709
2013-02-06,2.7869
2013-02-07,2.7883
2013-02-08,2.7658
2013-02-16,2.7161
2013-02-17,2.7117
2013-02-18,2.722
2013-02-19,2.7091
2013-02-20,2.6929
2013-02-21,2.7059
2013-02-22,2.7107
2013-02-25,2.7199
2013-02-26,2.7862
2013-02-27,2.7528
2013-02-28,2.7612
2013-03-01,2.7727
2013-03-04,2.7727
2013-03-05,2.7656
2013-03-06,2.7639
2013-03-07,2.7645
2013-03-08,2.7675
2013-03-11,2.7719
2013-03-12,2.7669
2013-03-13,2.7659
2013-03-14,2.7687
2013-03-15,2.7503
2013-03-18,2.7594
2013-03-19,2.7514
2013-03-20,2.7441
2013-03-21,2.7341
2013-03-22,2.7341
2013-03-25,2.7221
2013-03-26,2.7121
2013-03-27,2.6879
2013-03-28,2.6855
2013-03-29,2.679
2013-04-01,2.6799
2013-04-02,2.6716
2013-04-03,2.6741
2013-04-07,2.6702
2013-04-08,2.6432
2013-04-09,2.6421
2013-04-10,2.6504
2013-04-11,2.6575
2013-04-12,2.679
2013-04-15,2.6636
2013-04-16,2.6719
2013-04-17,2.7085
2013-04-18,2.7585
2013-04-19,2.8663
2013-04-22,2.8898
2013-04-23,2.8495
2013-04-24,2.8243
2013-04-25,2.8311
2013-04-26,2.8162
2013-04-27,2.7905
2013-04-28,2.7842
2013-05-02,2.7768
2013-05-03,2.7759
2013-05-06,2.8008
2013-05-07,2.8052
2013-05-08,2.8329
2013-05-09,2.833
2013-05-10,2.8305
2013-05-13,2.8416
2013-05-14,2.8412
2013-05-15,2.8298
2013-05-16,2.8459
2013-05-17,2.8622
2013-05-20,2.8653
2013-05-21,2.8812
2013-05-22,2.8714
2013-05-23,2.8649
2013-05-24,2.8673
2013-05-27,2.8655
2013-05-28,2.8609
2013-05-29,2.861
2013-05-30,2.8609
2013-05-31,2.8682
2013-06-03,2.8714
2013-06-04,2.8812
2013-06-05,2.9112
2013-06-06,2.9362
2013-06-07,3.0309
2013-06-08,3.1007
2013-06-09,3.0844
2013-06-13,3.0859
2013-06-14,3.1024
2013-06-17,3.1
2013-06-18,3.1509
2013-06-19,3.2606
2013-06-20,3.5606
2013-06-21,3.6106
2013-06-24,3.6504
2013-06-25,3.6504
2013-06-26,3.5738
2013-06-27,3.4463
2013-06-28,3.4812
2013-07-01,3.4706
2013-07-02,3.3721
2013-07-03,3.4212
2013-07-04,3.3912
2013-07-05,3.3716
2013-07-08,3.3916
2013-07-09,3.4016
2013-07-10,3.5001
2013-07-11,3.5001
2013-07-12,3.5006
2013-07-15,3.4998
2013-07-16,3.4299
2013-07-17,3.4345
2013-07-18,3.4544
2013-07-19,3.4624
2013-07-22,3.5248
2013-07-23,3.5503
2013-07-24,3.5746
2013-07-25,3.5107
2013-07-26,3.5034
2013-07-29,3.5128
2013-07-30,3.5
2013-07-31,3.4908
2013-08-01,3.4347
2013-08-02,3.3938
2013-08-05,3.419
2013-08-06,3.4047
2013-08-07,3.4069
2013-08-08,3.4271
2013-08-09,3.4333
2013-08-12,3.4479
2013-08-13,3.4837
2013-08-14,3.5373
2013-08-15,3.5541
2013-08-16,3.6041
2013-08-19,3.6241
2013-08-20,3.6241
2013-08-21,3.6341
2013-08-22,3.6436
2013-08-23,3.6435
2013-08-26,3.6212
2013-08-27,3.6215
2013-08-28,3.6235
2013-08-29,3.6086
2013-08-30,3.6186
2013-09-02,3.6173
2013-09-03,3.6173
2013-09-04,3.598
2013-09-05,3.6055
2013-09-06,3.6012
2013-09-09,3.6106
2013-09-10,3.6106
2013-09-11,3.6106
2013-09-12,3.5906
2013-09-13,3.6106
2013-09-16,3.5906
2013-09-17,3.5906
2013-09-18,3.5906
2013-09-22,3.573
2013-09-23,3.5881
2013-09-24,3.61
2013-09-25,3.6
2013-09-26,3.5501
2013-09-27,3.5501
2013-09-29,3.5601
2013-09-30,3.5451
2013-10-08,3.5451
2013-10-09,3.5539
2013-10-10,3.5627
2013-10-11,3.5427
2013-10-12,3.5427
2013-10-14,3.5427
2013-10-15,3.5169
2013-10-16,3.5169
2013-10-17,3.5469
2013-10-18,3.5469
2013-10-21,3.5522
2013-10-22,3.5522
2013-10-23,3.5645
2013-10-24,3.6445
2013-10-25,3.7445
2013-10-28,3.7649
2013-10-29,3.7852
2013-10-30,4.0152
2013-10-31,3.9752
2013-11-01,3.9422
2013-11-04,3.9222
2013-11-05,3.9522
2013-11-06,3.9752
2013-11-07,4.0118
2013-11-08,4.0214
2013-11-11,4.1587
2013-11-12,4.1209
2013-11-13,4.1142
2013-11-14,4.0956
2013-11-15,4.1454
2013-11-18,4.156
2013-11-19,4.1362
2013-11-20,4.1808
2013-11-21,4.156
2013-11-22,4.1265
2013-11-25,4.1215
2013-11-26,4.1067
2013-11-27,4.1017
2013-11-28,4.0472
2013-11-29,3.9787
2013-12-02,4.0385
2013-12-03,4.0484
2013-12-04,4.0029
2013-12-05,4.0341
2013-12-06,4.0364
2013-12-09,4.0364
2013-12-10,4.0284
2013-12-11,4.0489
2013-12-12,4.0336
2013-12-13,4.034
2013-12-16,4.039
2013-12-17,4.029
2013-12-18,4.0689
2013-12-19,4.0953
2013-12-20,4.1053
2013-12-23,4.1253
2013-12-24,4.1546
2013-12-25,4.1546
2013-12-26,4.1546
2013-12-27,4.1496
2013-12-30,4.1522
2013-12-31,4.2189
2014-01-02,4.2251
2014-01-03,4.231
2014-01-06,4.2132
2014-01-07,4.2503
2014-01-08,4.181
2014-01-09,4.1839
2014-01-10,4.1339
2014-01-13,4.0615
2014-01-14,4.0384
2014-01-15,3.9984
2014-01-16,3.9584
2014-01-17,3.9163
2014-01-20,3.891
2014-01-21,3.7799
2014-01-22,3.73
2014-01-23,3.6974
2014-01-24,3.678
2014-01-26,3.639
2014-01-27,3.6054
2014-01-28,3.6054
2014-01-29,3.6044
2014-01-30,3.6094
2014-02-07,3.5653
2014-02-08,3.5839
2014-02-10,3.5039
2014-02-11,3.5517
2014-02-12,3.5448
2014-02-13,3.4683
2014-02-14,3.4654
2014-02-17,3.4339
2014-02-18,3.4061
2014-02-19,3.3925
2014-02-20,3.3585
2014-02-21,3.3523
2014-02-24,3.3503
2014-02-25,3.294
2014-02-26,3.2764
2014-02-27,3.2464
2014-02-28,3.2775
2014-03-03,3.3075
2014-03-04,3.3325
2014-03-05,3.2933
2014-03-06,3.2733
2014-03-07,3.2509
2014-03-10,3.2002
2014-03-11,3.2401
2014-03-12,3.2083
2014-03-13,3.1621
2014-03-14,3.1621
2014-03-17,3.1133
2014-03-18,3.1033
2014-03-19,3.1333
2014-03-20,3.1133
2014-03-21,3.1433
2014-03-24,3.1233
2014-03-25,3.1033
2014-03-26,3.1033
2014-03-27,3.0995
2014-03-28,3.1095
2014-03-31,3.0901
2014-04-01,3.0892
2014-04-02,3.0892
2014-04-03,3.0851
2014-04-04,3.1158
2014-04-08,3.1759
2014-04-09,3.2659
2014-04-10,3.3147
2014-04-11,3.5647
2014-04-14,3.5574
2014-04-15,3.5374
2014-04-16,3.5174
2014-04-17,3.4003
2014-04-18,3.5003
2014-04-21,3.6059
2014-04-22,3.5786
2014-04-23,3.581
2014-04-24,3.6141
2014-04-25,3.5944
2014-04-28,3.5957
2014-04-29,3.5808
2014-04-30,3.5774
2014-05-04,3.5562
2014-05-05,3.5613
2014-05-06,3.5509
2014-05-07,3.5267
2014-05-08,3.497
2014-05-09,3.4687
2014-05-12,3.4974
2014-05-13,3.5024
2014-05-14,3.5132
2014-05-15,3.5126
2014-05-16,3.5139
2014-05-19,3.4882
2014-05-20,3.5036
2014-05-21,3.5037
2014-05-22,3.4682
2014-05-23,3.4584
2014-05-26,3.4562
2014-05-27,3.3587
2014-05-28,3.3732
2014-05-29,3.3589
2014-05-30,3.3589
2014-06-03,3.3139
2014-06-04,3.2339
2014-06-05,3.1739
2014-06-06,3.1939
2014-06-09,3.1739
2014-06-10,3.1489
2014-06-11,3.2489
2014-06-12,3.3289
2014-06-13,3.3489
2014-06-16,3.3298
2014-06-17,3.3498
2014-06-18,3.3898
2014-06-19,3.4123
2014-06-20,3.4039
2014-06-23,3.3788
2014-06-24,3.3805
2014-06-25,3.3901
2014-06-26,3.3615
2014-06-27,3.364
2014-06-30,3.3814
2014-07-01,3.405
2014-07-02,3.4561
2014-07-03,3.4656
2014-07-04,3.4506
2014-07-07,3.4441
2014-07-08,3.4326
2014-07-09,3.4839
2014-07-10,3.5115
2014-07-11,3.5115
2014-07-14,3.5196
2014-07-15,3.5893
2014-07-16,3.7277
2014-07-17,3.7771
2014-07-18,3.8653
2014-07-21,3.8088
2014-07-22,3.7799
2014-07-23,3.7794
2014-07-24,3.7369
2014-07-25,3.7238
2014-07-28,3.7274
2014-07-29,3.7576
2014-07-30,3.7576
2014-07-31,3.738
2014-08-01,3.7231
2014-08-04,3.7131
2014-08-05,3.7165
2014-08-06,3.7112
2014-08-07,3.7014
2014-08-08,3.703
2014-08-11,3.728
2014-08-12,3.748
2014-08-13,3.7924
2014-08-14,3.7766
2014-08-15,3.7443
2014-08-18,3.7474
2014-08-19,3.7434
2014-08-20,3.7834
2014-08-21,3.8049
2014-08-22,3.8121
2014-08-25,3.8148
2014-08-26,3.8276
2014-08-27,3.807
2014-08-28,3.7973
2014-08-29,3.8103
2014-09-01,3.8041
2014-09-02,3.7937
2014-09-03,3.8193
2014-09-04,3.8022
2014-09-05,3.7808
2014-09-09,3.7948
2014-09-10,3.7904
2014-09-11,3.8059
2014-09-12,3.8225
2014-09-15,3.8024
2014-09-16,3.8284
2014-09-17,3.7924
2014-09-18,3.7675
2014-09-19,3.7733
2014-09-22,3.7929
2014-09-23,3.7637
2014-09-24,3.7819
2014-09-25,3.7521
2014-09-26,3.7462
2014-09-28,3.7401
2014-09-29,3.7511
2014-09-30,3.7401
2014-10-08,3.7408
2014-10-09,3.7409
2014-10-10,3.7358
2014-10-11,3.7262
2014-10-13,3.721
2014-10-14,3.6716
2014-10-15,3.6355
2014-10-16,3.5672
2014-10-17,3.5385
2014-10-20,3.501
2014-10-21,3.4849
2014-10-22,3.4851
2014-10-23,3.4764
2014-10-24,3.4966
2014-10-27,3.4516
2014-10-28,3.4163
2014-10-29,3.4024
2014-10-30,3.381
2014-10-31,3.3555
2014-11-03,3.2953
2014-11-04,3.2426
2014-11-05,3.2463
2014-11-06,3.2329
2014-11-07,3.1972
2014-11-10,3.18
2014-11-11,3.1555
2014-11-12,3.1515
2014-11-13,3.1517
2014-11-14,3.1544
2014-11-17,3.1692
2014-11-18,3.1522
2014-11-19,3.1522
2014-11-20,3.2121
2014-11-21,3.2686
2014-11-24,3.1325
2014-11-25,3.0041
2014-11-26,3.0302
2014-11-27,3.0302
2014-11-28,3.0347
2014-12-01,3.0243
2014-12-02,3.0443
2014-12-03,3.0643
2014-12-04,3.0557
2014-12-05,3.1431
2014-12-08,3.1983
2014-12-09,3.3669
2014-12-10,3.3769
2014-12-11,3.3609
2014-12-12,3.3326
2014-12-15,3.3309
2014-12-16,3.3283
2014-12-17,3.4383
2014-12-18,3.4999
2014-12-19,3.525
2014-12-22,3.495
2014-12-23,3.4801
2014-12-24,3.4005
2014-12-25,3.3418
2014-12-26,3.3189
2014-12-29,3.273
2014-12-30,3.2486
2014-12-31,3.2586
2015-01-04,3.2537
2015-01-05,3.2314
2015-01-06,3.2189
2015-01-07,3.1767
2015-01-08,3.189
2015-01-09,3.1787
2015-01-12,3.2146
2015-01-13,3.2014
2015-01-14,3.2012
2015-01-15,3.2059
2015-01-16,3.2029
2015-01-19,3.1887
2015-01-20,3.1812
2015-01-21,3.1752
2015-01-22,3.1652
2015-01-23,3.1606
2015-01-26,3.1427
2015-01-27,3.0817
2015-01-28,3.0955
2015-01-29,3.098
2015-01-30,3.0963
2015-02-02,3.0832
2015-02-03,3.0907
2015-02-04,3.0906
2015-02-05,3.0804
2015-02-06,3.0912
2015-02-09,3.0856
2015-02-10,3.0932
2015-02-11,3.0928
2015-02-12,3.0872
2015-02-13,3.0859
2015-02-15,3.0656
2015-02-16,3.0801
2015-02-17,3.0624
2015-02-25,3.0353
2015-02-26,3.0353
2015-02-27,3.0438
2015-02-28,3.0396
2015-03-02,3.0488
2015-03-03,3.0341
2015-03-04,3.0291
2015-03-05,3.0518
2015-03-06,3.0576
2015-03-09,3.0787
2015-03-10,3.0812
2015-03-11,3.0615
2015-03-12,3.0495
2015-03-13,3.0944
2015-03-16,3.0944
2015-03-17,3.1142
2015-03-18,3.1042
2015-03-19,3.0992
2015-03-20,3.102
2015-03-23,3.1032
2015-03-24,3.1031
2015-03-25,3.1183
2015-03-26,3.1483
2015-03-27,3.1833
2015-03-30,3.1833
2015-03-31,3.2236
2015-04-01,3.2186
2015-04-02,3.1743
2015-04-03,3.1753
2015-04-07,3.1801
2015-04-08,3.1802
2015-04-09,3.1202
2015-04-10,3.1602
2015-04-13,3.1602
2015-04-14,3.1302
2015-04-15,3.1002
2015-04-16,3.0729
2015-04-17,3.1628
2015-04-20,3.0872
2015-04-21,3.0092
2015-04-22,3.0152
2015-04-23,2.9713
2015-04-24,2.9276
2015-04-27,2.8663
2015-04-28,2.8266
2015-04-29,2.8267
2015-04-30,2.694
2015-05-04,2.7296
2015-05-05,2.7278
2015-05-06,2.708
2015-05-07,2.6912
2015-05-08,2.6821
2015-05-11,2.6562
2015-05-12,2.5691
2015-05-13,2.4501
2015-05-14,2.3557
2015-05-15,2.344
2015-05-18,2.374
2015-05-19,2.4574
2015-05-20,2.4391
2015-05-21,2.4373
2015-05-22,2.3822
2015-05-25,2.2462
2015-05-26,2.0338
2015-05-27,1.8707
2015-05-28,1.9369
2015-05-29,1.9387
2015-06-01,1.9947
2015-06-02,1.9651
2015-06-03,1.9356
2015-06-04,1.8813
2015-06-05,1.8763
2015-06-08,1.8576
2015-06-09,1.7786
2015-06-10,1.7097
2015-06-11,1.7103
2015-06-12,1.687
2015-06-15,1.6482
2015-06-16,1.6407
2015-06-17,1.689
2015-06-18,1.7044
2015-06-19,1.7494
2015-06-23,1.7159
2015-06-24,1.7165
2015-06-25,1.7128
2015-06-26,1.7628
2015-06-29,1.7528
2015-06-30,1.7378
2015-07-01,1.7378
2015-07-02,1.7745
2015-07-03,1.774
2015-07-06,1.7455
2015-07-07,1.9155
2015-07-08,2.2655
2015-07-09,2.2655
2015-07-10,2.3555
2015-07-13,2.4455
2015-07-14,2.4486
2015-07-15,2.4368
2015-07-16,2.4471
2015-07-17,2.4501
2015-07-20,2.4583
2015-07-21,2.4417
2015-07-22,2.4071
2015-07-23,2.3335
2015-07-24,2.336
2015-07-27,2.3113
2015-07-28,2.2617
2015-07-29,2.2388
2015-07-30,2.2318
2015-07-31,2.253
2015-08-03,2.3038
2015-08-04,2.3254
2015-08-05,2.2428
2015-08-06,2.2073
2015-08-07,2.1753
2015-08-10,2.1843
2015-08-11,2.2433
2015-08-12,2.3181
2015-08-13,2.2883
2015-08-14,2.3273
2015-08-17,2.2466
2015-08-18,2.2621
2015-08-19,2.2571
2015-08-20,2.2608
2015-08-21,2.2608
2015-08-24,2.2807
2015-08-25,2.28
2015-08-26,2.2657
2015-08-27,2.2661
2015-08-28,2.2735
2015-08-31,2.2519
2015-09-01,2.2628
2015-09-02,2.2586
2015-09-06,2.254
2015-09-07,2.2643
2015-09-08,2.2737
2015-09-09,2.2543
2015-09-10,2.2546
2015-09-11,2.2543
2015-09-14,2.2862
2015-09-15,2.3261
2015-09-16,2.333
2015-09-17,2.3062
2015-09-18,2.3292
2015-09-21,2.3271
2015-09-22,2.3078
2015-09-23,2.3086
2015-09-24,2.2893
2015-09-25,2.3625
2015-09-28,2.4032
2015-09-29,2.389
2015-09-30,2.3919
2015-10-08,2.4031
2015-10-09,2.4091
2015-10-10,2.4116
2015-10-12,2.4269
2015-10-13,2.4186
2015-10-14,2.4084
2015-10-15,2.419
2015-10-16,2.432
2015-10-19,2.4286
2015-10-20,2.4255
2015-10-21,2.4273
2015-10-22,2.4234
2015-10-23,2.4454
2015-10-26,2.4237
2015-10-27,2.3748
2015-10-28,2.3698
2015-10-29,2.3683
2015-10-30,2.3513
2015-11-02,2.4032
2015-11-03,2.4284
2015-11-04,2.4312
2015-11-05,2.4342
2015-11-06,2.463
2015-11-09,2.5389
2015-11-10,2.555
2015-11-11,2.5616
2015-11-12,2.5499
2015-11-13,2.5589
2015-11-16,2.6041
2015-11-17,2.5911
2015-11-18,2.5907
2015-11-19,2.5948
2015-11-20,2.5764
2015-11-23,2.5849
2015-11-24,2.5676
2015-11-25,2.5802
2015-11-26,2.5639
2015-11-27,2.5738
2015-11-30,2.5754
2015-12-01,2.5754
2015-12-02,2.5656
2015-12-03,2.5506
2015-12-04,2.5351
2015-12-07,2.5201
2015-12-08,2.4911
2015-12-09,2.4866
2015-12-10,2.4841
2015-12-11,2.4644
2015-12-14,2.4523
2015-12-15,2.4474
2015-12-16,2.4028
2015-12-17,2.3907
2015-12-18,2.3647
2015-12-21,2.3601
2015-12-22,2.3204
2015-12-23,2.3332
2015-12-24,2.3135
2015-12-25,2.2946
2015-12-28,2.3076
2015-12-29,2.3076
2015-12-30,2.2979
2015-12-31,2.2979